城市,城市名,县区,县区坐标（经纬度）,县区名,离荆门市的距离（km）,城市关联的乐种,城市关联的乐种名,县区关联的乐种,县区关联的乐种名,涉及特藏,特藏资源名
"""https://lib.ccmusic.edu.cn/data/place/420800""",荆门市,"""https://lib.ccmusic.edu.cn/data/place/420802""","""POINT(112.20173 31.05192)""",东宝区,"""0.0""","""https://lib.ccmusic.edu.cn/data/musictype/jQdv72gllM47O2p8""",府河傢业-大乐,,,,
"""https://lib.ccmusic.edu.cn/data/place/420800""",荆门市,"""https://lib.ccmusic.edu.cn/data/place/420802""","""POINT(112.20173 31.05192)""",东宝区,"""0.0""","""https://lib.ccmusic.edu.cn/data/musictype/9O7rprb6Sg3HPuxT""",天沔小曲,,,,
"""https://lib.ccmusic.edu.cn/data/place/420800""",荆门市,"""https://lib.ccmusic.edu.cn/data/place/420802""","""POINT(112.20173 31.05192)""",东宝区,"""0.0""","""https://lib.ccmusic.edu.cn/data/musictype/Bt7pbK574ApCaGIp""",府河傢业-细乐,,,,
"""https://lib.ccmusic.edu.cn/data/place/420800""",荆门市,"""https://lib.ccmusic.edu.cn/data/place/420802""","""POINT(112.20173 31.05192)""",东宝区,"""0.0""","""https://lib.ccmusic.edu.cn/data/musictype/G3O4zL9D73p0lUqR""",襄河吹打,,,,
"""https://lib.ccmusic.edu.cn/data/place/420800""",荆门市,"""https://lib.ccmusic.edu.cn/data/place/420802""","""POINT(112.20173 31.05192)""",东宝区,"""0.0""","""https://lib.ccmusic.edu.cn/data/musictype/o69FRxkW56t5Qav7""",梁山调,,,,
"""https://lib.ccmusic.edu.cn/data/place/420800""",荆门市,"""https://lib.ccmusic.edu.cn/data/place/420802""","""POINT(112.20173 31.05192)""",东宝区,"""0.0""","""https://lib.ccmusic.edu.cn/data/musictype/1Y2s69I70AS30YTN""",府河傢业,,,,
"""https://lib.ccmusic.edu.cn/data/place/420800""",荆门市,"""https://lib.ccmusic.edu.cn/data/place/420802""","""POINT(112.20173 31.05192)""",东宝区,"""0.0""","""https://lib.ccmusic.edu.cn/data/musictype/dIEF3fb9kGRe7Tcm""",府河傢业-打板乐,,,,
"""https://lib.ccmusic.edu.cn/data/place/420800""",荆门市,"""https://lib.ccmusic.edu.cn/data/place/420804""","""POINT(112.20772 30.97307)""",掇刀区,"""8.78137""","""https://lib.ccmusic.edu.cn/data/musictype/G3O4zL9D73p0lUqR""",襄河吹打,,,,
"""https://lib.ccmusic.edu.cn/data/place/420800""",荆门市,"""https://lib.ccmusic.edu.cn/data/place/420804""","""POINT(112.20772 30.97307)""",掇刀区,"""8.78137""","""https://lib.ccmusic.edu.cn/data/musictype/dIEF3fb9kGRe7Tcm""",府河傢业-打板乐,,,,
"""https://lib.ccmusic.edu.cn/data/place/420800""",荆门市,"""https://lib.ccmusic.edu.cn/data/place/420804""","""POINT(112.20772 30.97307)""",掇刀区,"""8.78137""","""https://lib.ccmusic.edu.cn/data/musictype/o69FRxkW56t5Qav7""",梁山调,,,,
"""https://lib.ccmusic.edu.cn/data/place/420800""",荆门市,"""https://lib.ccmusic.edu.cn/data/place/420804""","""POINT(112.20772 30.97307)""",掇刀区,"""8.78137""","""https://lib.ccmusic.edu.cn/data/musictype/jQdv72gllM47O2p8""",府河傢业-大乐,,,,
"""https://lib.ccmusic.edu.cn/data/place/420800""",荆门市,"""https://lib.ccmusic.edu.cn/data/place/420804""","""POINT(112.20772 30.97307)""",掇刀区,"""8.78137""","""https://lib.ccmusic.edu.cn/data/musictype/1Y2s69I70AS30YTN""",府河傢业,,,,
"""https://lib.ccmusic.edu.cn/data/place/420800""",荆门市,"""https://lib.ccmusic.edu.cn/data/place/420804""","""POINT(112.20772 30.97307)""",掇刀区,"""8.78137""","""https://lib.ccmusic.edu.cn/data/musictype/9O7rprb6Sg3HPuxT""",天沔小曲,,,,
"""https://lib.ccmusic.edu.cn/data/place/420800""",荆门市,"""https://lib.ccmusic.edu.cn/data/place/420804""","""POINT(112.20772 30.97307)""",掇刀区,"""8.78137""","""https://lib.ccmusic.edu.cn/data/musictype/Bt7pbK574ApCaGIp""",府河傢业-细乐,,,,
"""https://lib.ccmusic.edu.cn/data/place/420800""",荆门市,"""https://lib.ccmusic.edu.cn/data/place/420881""","""POINT(112.58817 31.16797)""",钟祥市,"""38.9657""","""https://lib.ccmusic.edu.cn/data/musictype/1Y2s69I70AS30YTN""",府河傢业,"""https://lib.ccmusic.edu.cn/data/musictype/o69FRxkW56t5Qav7""",梁山调,,
"""https://lib.ccmusic.edu.cn/data/place/420800""",荆门市,"""https://lib.ccmusic.edu.cn/data/place/420881""","""POINT(112.58817 31.16797)""",钟祥市,"""38.9657""","""https://lib.ccmusic.edu.cn/data/musictype/9O7rprb6Sg3HPuxT""",天沔小曲,"""https://lib.ccmusic.edu.cn/data/musictype/o69FRxkW56t5Qav7""",梁山调,,
"""https://lib.ccmusic.edu.cn/data/place/420800""",荆门市,"""https://lib.ccmusic.edu.cn/data/place/420881""","""POINT(112.58817 31.16797)""",钟祥市,"""38.9657""","""https://lib.ccmusic.edu.cn/data/musictype/dIEF3fb9kGRe7Tcm""",府河傢业-打板乐,"""https://lib.ccmusic.edu.cn/data/musictype/o69FRxkW56t5Qav7""",梁山调,,
"""https://lib.ccmusic.edu.cn/data/place/420800""",荆门市,"""https://lib.ccmusic.edu.cn/data/place/420881""","""POINT(112.58817 31.16797)""",钟祥市,"""38.9657""","""https://lib.ccmusic.edu.cn/data/musictype/Bt7pbK574ApCaGIp""",府河傢业-细乐,"""https://lib.ccmusic.edu.cn/data/musictype/o69FRxkW56t5Qav7""",梁山调,,
"""https://lib.ccmusic.edu.cn/data/place/420800""",荆门市,"""https://lib.ccmusic.edu.cn/data/place/420881""","""POINT(112.58817 31.16797)""",钟祥市,"""38.9657""","""https://lib.ccmusic.edu.cn/data/musictype/G3O4zL9D73p0lUqR""",襄河吹打,"""https://lib.ccmusic.edu.cn/data/musictype/o69FRxkW56t5Qav7""",梁山调,,
"""https://lib.ccmusic.edu.cn/data/place/420800""",荆门市,"""https://lib.ccmusic.edu.cn/data/place/420881""","""POINT(112.58817 31.16797)""",钟祥市,"""38.9657""","""https://lib.ccmusic.edu.cn/data/musictype/jQdv72gllM47O2p8""",府河傢业-大乐,"""https://lib.ccmusic.edu.cn/data/musictype/o69FRxkW56t5Qav7""",梁山调,,
"""https://lib.ccmusic.edu.cn/data/place/420800""",荆门市,"""https://lib.ccmusic.edu.cn/data/place/420881""","""POINT(112.58817 31.16797)""",钟祥市,"""38.9657""","""https://lib.ccmusic.edu.cn/data/musictype/o69FRxkW56t5Qav7""",梁山调,"""https://lib.ccmusic.edu.cn/data/musictype/o69FRxkW56t5Qav7""",梁山调,,
"""https://lib.ccmusic.edu.cn/data/place/420500""",宜昌市,"""https://lib.ccmusic.edu.cn/data/place/420582""","""POINT(111.78833 30.82108)""",当阳市,"""47.0211""","""https://lib.ccmusic.edu.cn/data/musictype/2jcB25UV74N8KFeI""",宜昌细乐,"""https://lib.ccmusic.edu.cn/data/musictype/2jcB25UV74N8KFeI""",宜昌细乐,,
"""https://lib.ccmusic.edu.cn/data/place/420500""",宜昌市,"""https://lib.ccmusic.edu.cn/data/place/420582""","""POINT(111.78833 30.82108)""",当阳市,"""47.0211""","""https://lib.ccmusic.edu.cn/data/musictype/3S5WgP5NPbQ25122""",鄂北花鼓戏,"""https://lib.ccmusic.edu.cn/data/musictype/MS20BCvu7QKGsMc5""",江汉丝弦,,
"""https://lib.ccmusic.edu.cn/data/place/420500""",宜昌市,"""https://lib.ccmusic.edu.cn/data/place/420582""","""POINT(111.78833 30.82108)""",当阳市,"""47.0211""","""https://lib.ccmusic.edu.cn/data/musictype/CQ4CA101Z06u908G""",湖北小曲,"""https://lib.ccmusic.edu.cn/data/musictype/2jcB25UV74N8KFeI""",宜昌细乐,,
"""https://lib.ccmusic.edu.cn/data/place/420500""",宜昌市,"""https://lib.ccmusic.edu.cn/data/place/420582""","""POINT(111.78833 30.82108)""",当阳市,"""47.0211""","""https://lib.ccmusic.edu.cn/data/musictype/CQ4CA101Z06u908G""",湖北小曲,"""https://lib.ccmusic.edu.cn/data/musictype/MS20BCvu7QKGsMc5""",江汉丝弦,,
"""https://lib.ccmusic.edu.cn/data/place/420500""",宜昌市,"""https://lib.ccmusic.edu.cn/data/place/420582""","""POINT(111.78833 30.82108)""",当阳市,"""47.0211""","""https://lib.ccmusic.edu.cn/data/musictype/Ie4l9D4yzi5g799h""",远安花鼓戏,"""https://lib.ccmusic.edu.cn/data/musictype/MS20BCvu7QKGsMc5""",江汉丝弦,,
"""https://lib.ccmusic.edu.cn/data/place/420500""",宜昌市,"""https://lib.ccmusic.edu.cn/data/place/420582""","""POINT(111.78833 30.82108)""",当阳市,"""47.0211""","""https://lib.ccmusic.edu.cn/data/musictype/K52hXaVgcreKj8Zl""",沮水巫音,"""https://lib.ccmusic.edu.cn/data/musictype/MS20BCvu7QKGsMc5""",江汉丝弦,,
"""https://lib.ccmusic.edu.cn/data/place/420500""",宜昌市,"""https://lib.ccmusic.edu.cn/data/place/420582""","""POINT(111.78833 30.82108)""",当阳市,"""47.0211""","""https://lib.ccmusic.edu.cn/data/musictype/QE7O3BRP34v0yKJc""",宜都邦鼓,"""https://lib.ccmusic.edu.cn/data/musictype/MS20BCvu7QKGsMc5""",江汉丝弦,,
"""https://lib.ccmusic.edu.cn/data/place/420500""",宜昌市,"""https://lib.ccmusic.edu.cn/data/place/420582""","""POINT(111.78833 30.82108)""",当阳市,"""47.0211""","""https://lib.ccmusic.edu.cn/data/musictype/Up2RoJaEg1g6u1Q6""",湖北弦索乐,"""https://lib.ccmusic.edu.cn/data/musictype/2jcB25UV74N8KFeI""",宜昌细乐,,
"""https://lib.ccmusic.edu.cn/data/place/420500""",宜昌市,"""https://lib.ccmusic.edu.cn/data/place/420582""","""POINT(111.78833 30.82108)""",当阳市,"""47.0211""","""https://lib.ccmusic.edu.cn/data/musictype/drN25s8Le9w4P26z""",鄂西堂调,"""https://lib.ccmusic.edu.cn/data/musictype/2jcB25UV74N8KFeI""",宜昌细乐,,
"""https://lib.ccmusic.edu.cn/data/place/420500""",宜昌市,"""https://lib.ccmusic.edu.cn/data/place/420582""","""POINT(111.78833 30.82108)""",当阳市,"""47.0211""","""https://lib.ccmusic.edu.cn/data/musictype/drN25s8Le9w4P26z""",鄂西堂调,"""https://lib.ccmusic.edu.cn/data/musictype/MS20BCvu7QKGsMc5""",江汉丝弦,,
"""https://lib.ccmusic.edu.cn/data/place/420500""",宜昌市,"""https://lib.ccmusic.edu.cn/data/place/420582""","""POINT(111.78833 30.82108)""",当阳市,"""47.0211""","""https://lib.ccmusic.edu.cn/data/musictype/l9zRMR2WSKI5zDe0""",湖北牌子锣,"""https://lib.ccmusic.edu.cn/data/musictype/MS20BCvu7QKGsMc5""",江汉丝弦,,
"""https://lib.ccmusic.edu.cn/data/place/420500""",宜昌市,"""https://lib.ccmusic.edu.cn/data/place/420582""","""POINT(111.78833 30.82108)""",当阳市,"""47.0211""","""https://lib.ccmusic.edu.cn/data/musictype/uS8wzByTv1JV2lVj""",长阳南曲,"""https://lib.ccmusic.edu.cn/data/musictype/2jcB25UV74N8KFeI""",宜昌细乐,,
"""https://lib.ccmusic.edu.cn/data/place/420500""",宜昌市,"""https://lib.ccmusic.edu.cn/data/place/420582""","""POINT(111.78833 30.82108)""",当阳市,"""47.0211""","""https://lib.ccmusic.edu.cn/data/musictype/xvPYExWWKPWLN6r9""",汉滩小曲,"""https://lib.ccmusic.edu.cn/data/musictype/2jcB25UV74N8KFeI""",宜昌细乐,,
"""https://lib.ccmusic.edu.cn/data/place/420500""",宜昌市,"""https://lib.ccmusic.edu.cn/data/place/420582""","""POINT(111.78833 30.82108)""",当阳市,"""47.0211""","""https://lib.ccmusic.edu.cn/data/musictype/2jcB25UV74N8KFeI""",宜昌细乐,"""https://lib.ccmusic.edu.cn/data/musictype/MS20BCvu7QKGsMc5""",江汉丝弦,,
"""https://lib.ccmusic.edu.cn/data/place/420500""",宜昌市,"""https://lib.ccmusic.edu.cn/data/place/420582""","""POINT(111.78833 30.82108)""",当阳市,"""47.0211""","""https://lib.ccmusic.edu.cn/data/musictype/3S5WgP5NPbQ25122""",鄂北花鼓戏,"""https://lib.ccmusic.edu.cn/data/musictype/2jcB25UV74N8KFeI""",宜昌细乐,,
"""https://lib.ccmusic.edu.cn/data/place/420500""",宜昌市,"""https://lib.ccmusic.edu.cn/data/place/420582""","""POINT(111.78833 30.82108)""",当阳市,"""47.0211""","""https://lib.ccmusic.edu.cn/data/musictype/K52hXaVgcreKj8Zl""",沮水巫音,"""https://lib.ccmusic.edu.cn/data/musictype/2jcB25UV74N8KFeI""",宜昌细乐,,
"""https://lib.ccmusic.edu.cn/data/place/420500""",宜昌市,"""https://lib.ccmusic.edu.cn/data/place/420582""","""POINT(111.78833 30.82108)""",当阳市,"""47.0211""","""https://lib.ccmusic.edu.cn/data/musictype/Up2RoJaEg1g6u1Q6""",湖北弦索乐,"""https://lib.ccmusic.edu.cn/data/musictype/MS20BCvu7QKGsMc5""",江汉丝弦,,
"""https://lib.ccmusic.edu.cn/data/place/420500""",宜昌市,"""https://lib.ccmusic.edu.cn/data/place/420582""","""POINT(111.78833 30.82108)""",当阳市,"""47.0211""","""https://lib.ccmusic.edu.cn/data/musictype/a5syRj0OgxlKtL95""",建东花鼓戏,"""https://lib.ccmusic.edu.cn/data/musictype/MS20BCvu7QKGsMc5""",江汉丝弦,,
"""https://lib.ccmusic.edu.cn/data/place/420500""",宜昌市,"""https://lib.ccmusic.edu.cn/data/place/420582""","""POINT(111.78833 30.82108)""",当阳市,"""47.0211""","""https://lib.ccmusic.edu.cn/data/musictype/eB6xa4hE82SK0c92""",地花鼓,"""https://lib.ccmusic.edu.cn/data/musictype/2jcB25UV74N8KFeI""",宜昌细乐,,
"""https://lib.ccmusic.edu.cn/data/place/420500""",宜昌市,"""https://lib.ccmusic.edu.cn/data/place/420582""","""POINT(111.78833 30.82108)""",当阳市,"""47.0211""","""https://lib.ccmusic.edu.cn/data/musictype/eIyh98iWp77Uy6mW""",湖北牌子锣-丝竹锣鼓,"""https://lib.ccmusic.edu.cn/data/musictype/2jcB25UV74N8KFeI""",宜昌细乐,,
"""https://lib.ccmusic.edu.cn/data/place/420500""",宜昌市,"""https://lib.ccmusic.edu.cn/data/place/420582""","""POINT(111.78833 30.82108)""",当阳市,"""47.0211""","""https://lib.ccmusic.edu.cn/data/musictype/eIyh98iWp77Uy6mW""",湖北牌子锣-丝竹锣鼓,"""https://lib.ccmusic.edu.cn/data/musictype/MS20BCvu7QKGsMc5""",江汉丝弦,,
"""https://lib.ccmusic.edu.cn/data/place/420500""",宜昌市,"""https://lib.ccmusic.edu.cn/data/place/420582""","""POINT(111.78833 30.82108)""",当阳市,"""47.0211""","""https://lib.ccmusic.edu.cn/data/musictype/l9zRMR2WSKI5zDe0""",湖北牌子锣,"""https://lib.ccmusic.edu.cn/data/musictype/2jcB25UV74N8KFeI""",宜昌细乐,,
"""https://lib.ccmusic.edu.cn/data/place/420500""",宜昌市,"""https://lib.ccmusic.edu.cn/data/place/420582""","""POINT(111.78833 30.82108)""",当阳市,"""47.0211""","""https://lib.ccmusic.edu.cn/data/musictype/7eL6sv2QBP121zqu""",湖北小曲-南曲,"""https://lib.ccmusic.edu.cn/data/musictype/2jcB25UV74N8KFeI""",宜昌细乐,,
"""https://lib.ccmusic.edu.cn/data/place/420500""",宜昌市,"""https://lib.ccmusic.edu.cn/data/place/420582""","""POINT(111.78833 30.82108)""",当阳市,"""47.0211""","""https://lib.ccmusic.edu.cn/data/musictype/7eL6sv2QBP121zqu""",湖北小曲-南曲,"""https://lib.ccmusic.edu.cn/data/musictype/MS20BCvu7QKGsMc5""",江汉丝弦,,
"""https://lib.ccmusic.edu.cn/data/place/420500""",宜昌市,"""https://lib.ccmusic.edu.cn/data/place/420582""","""POINT(111.78833 30.82108)""",当阳市,"""47.0211""","""https://lib.ccmusic.edu.cn/data/musictype/Ie4l9D4yzi5g799h""",远安花鼓戏,"""https://lib.ccmusic.edu.cn/data/musictype/2jcB25UV74N8KFeI""",宜昌细乐,,
"""https://lib.ccmusic.edu.cn/data/place/420500""",宜昌市,"""https://lib.ccmusic.edu.cn/data/place/420582""","""POINT(111.78833 30.82108)""",当阳市,"""47.0211""","""https://lib.ccmusic.edu.cn/data/musictype/MS20BCvu7QKGsMc5""",江汉丝弦,"""https://lib.ccmusic.edu.cn/data/musictype/2jcB25UV74N8KFeI""",宜昌细乐,,
"""https://lib.ccmusic.edu.cn/data/place/420500""",宜昌市,"""https://lib.ccmusic.edu.cn/data/place/420582""","""POINT(111.78833 30.82108)""",当阳市,"""47.0211""","""https://lib.ccmusic.edu.cn/data/musictype/MS20BCvu7QKGsMc5""",江汉丝弦,"""https://lib.ccmusic.edu.cn/data/musictype/MS20BCvu7QKGsMc5""",江汉丝弦,,
"""https://lib.ccmusic.edu.cn/data/place/420500""",宜昌市,"""https://lib.ccmusic.edu.cn/data/place/420582""","""POINT(111.78833 30.82108)""",当阳市,"""47.0211""","""https://lib.ccmusic.edu.cn/data/musictype/QE7O3BRP34v0yKJc""",宜都邦鼓,"""https://lib.ccmusic.edu.cn/data/musictype/2jcB25UV74N8KFeI""",宜昌细乐,,
"""https://lib.ccmusic.edu.cn/data/place/420500""",宜昌市,"""https://lib.ccmusic.edu.cn/data/place/420582""","""POINT(111.78833 30.82108)""",当阳市,"""47.0211""","""https://lib.ccmusic.edu.cn/data/musictype/a5syRj0OgxlKtL95""",建东花鼓戏,"""https://lib.ccmusic.edu.cn/data/musictype/2jcB25UV74N8KFeI""",宜昌细乐,,
"""https://lib.ccmusic.edu.cn/data/place/420500""",宜昌市,"""https://lib.ccmusic.edu.cn/data/place/420582""","""POINT(111.78833 30.82108)""",当阳市,"""47.0211""","""https://lib.ccmusic.edu.cn/data/musictype/eB6xa4hE82SK0c92""",地花鼓,"""https://lib.ccmusic.edu.cn/data/musictype/MS20BCvu7QKGsMc5""",江汉丝弦,,
"""https://lib.ccmusic.edu.cn/data/place/420500""",宜昌市,"""https://lib.ccmusic.edu.cn/data/place/420582""","""POINT(111.78833 30.82108)""",当阳市,"""47.0211""","""https://lib.ccmusic.edu.cn/data/musictype/uS8wzByTv1JV2lVj""",长阳南曲,"""https://lib.ccmusic.edu.cn/data/musictype/MS20BCvu7QKGsMc5""",江汉丝弦,,
"""https://lib.ccmusic.edu.cn/data/place/420500""",宜昌市,"""https://lib.ccmusic.edu.cn/data/place/420582""","""POINT(111.78833 30.82108)""",当阳市,"""47.0211""","""https://lib.ccmusic.edu.cn/data/musictype/xvPYExWWKPWLN6r9""",汉滩小曲,"""https://lib.ccmusic.edu.cn/data/musictype/MS20BCvu7QKGsMc5""",江汉丝弦,,
"""https://lib.ccmusic.edu.cn/data/place/420800""",荆门市,"""https://lib.ccmusic.edu.cn/data/place/420822""","""POINT(112.58854 30.70918)""",沙洋县,"""53.0276""","""https://lib.ccmusic.edu.cn/data/musictype/1Y2s69I70AS30YTN""",府河傢业,,,,
"""https://lib.ccmusic.edu.cn/data/place/420800""",荆门市,"""https://lib.ccmusic.edu.cn/data/place/420822""","""POINT(112.58854 30.70918)""",沙洋县,"""53.0276""","""https://lib.ccmusic.edu.cn/data/musictype/G3O4zL9D73p0lUqR""",襄河吹打,,,,
"""https://lib.ccmusic.edu.cn/data/place/420800""",荆门市,"""https://lib.ccmusic.edu.cn/data/place/420822""","""POINT(112.58854 30.70918)""",沙洋县,"""53.0276""","""https://lib.ccmusic.edu.cn/data/musictype/dIEF3fb9kGRe7Tcm""",府河傢业-打板乐,,,,
"""https://lib.ccmusic.edu.cn/data/place/420800""",荆门市,"""https://lib.ccmusic.edu.cn/data/place/420822""","""POINT(112.58854 30.70918)""",沙洋县,"""53.0276""","""https://lib.ccmusic.edu.cn/data/musictype/jQdv72gllM47O2p8""",府河傢业-大乐,,,,
"""https://lib.ccmusic.edu.cn/data/place/420800""",荆门市,"""https://lib.ccmusic.edu.cn/data/place/420822""","""POINT(112.58854 30.70918)""",沙洋县,"""53.0276""","""https://lib.ccmusic.edu.cn/data/musictype/9O7rprb6Sg3HPuxT""",天沔小曲,,,,
"""https://lib.ccmusic.edu.cn/data/place/420800""",荆门市,"""https://lib.ccmusic.edu.cn/data/place/420822""","""POINT(112.58854 30.70918)""",沙洋县,"""53.0276""","""https://lib.ccmusic.edu.cn/data/musictype/Bt7pbK574ApCaGIp""",府河傢业-细乐,,,,
"""https://lib.ccmusic.edu.cn/data/place/420800""",荆门市,"""https://lib.ccmusic.edu.cn/data/place/420822""","""POINT(112.58854 30.70918)""",沙洋县,"""53.0276""","""https://lib.ccmusic.edu.cn/data/musictype/o69FRxkW56t5Qav7""",梁山调,,,,
"""https://lib.ccmusic.edu.cn/data/place/420500""",宜昌市,"""https://lib.ccmusic.edu.cn/data/place/420525""","""POINT(111.64132 31.06129)""",远安县,"""53.3627""","""https://lib.ccmusic.edu.cn/data/musictype/3S5WgP5NPbQ25122""",鄂北花鼓戏,"""https://lib.ccmusic.edu.cn/data/musictype/3S5WgP5NPbQ25122""",鄂北花鼓戏,,
"""https://lib.ccmusic.edu.cn/data/place/420500""",宜昌市,"""https://lib.ccmusic.edu.cn/data/place/420525""","""POINT(111.64132 31.06129)""",远安县,"""53.3627""","""https://lib.ccmusic.edu.cn/data/musictype/3S5WgP5NPbQ25122""",鄂北花鼓戏,"""https://lib.ccmusic.edu.cn/data/musictype/Ie4l9D4yzi5g799h""",远安花鼓戏,,
"""https://lib.ccmusic.edu.cn/data/place/420500""",宜昌市,"""https://lib.ccmusic.edu.cn/data/place/420525""","""POINT(111.64132 31.06129)""",远安县,"""53.3627""","""https://lib.ccmusic.edu.cn/data/musictype/CQ4CA101Z06u908G""",湖北小曲,"""https://lib.ccmusic.edu.cn/data/musictype/K52hXaVgcreKj8Zl""",沮水巫音,,
"""https://lib.ccmusic.edu.cn/data/place/420500""",宜昌市,"""https://lib.ccmusic.edu.cn/data/place/420525""","""POINT(111.64132 31.06129)""",远安县,"""53.3627""","""https://lib.ccmusic.edu.cn/data/musictype/K52hXaVgcreKj8Zl""",沮水巫音,"""https://lib.ccmusic.edu.cn/data/musictype/K52hXaVgcreKj8Zl""",沮水巫音,,
"""https://lib.ccmusic.edu.cn/data/place/420500""",宜昌市,"""https://lib.ccmusic.edu.cn/data/place/420525""","""POINT(111.64132 31.06129)""",远安县,"""53.3627""","""https://lib.ccmusic.edu.cn/data/musictype/K52hXaVgcreKj8Zl""",沮水巫音,"""https://lib.ccmusic.edu.cn/data/musictype/3S5WgP5NPbQ25122""",鄂北花鼓戏,,
"""https://lib.ccmusic.edu.cn/data/place/420500""",宜昌市,"""https://lib.ccmusic.edu.cn/data/place/420525""","""POINT(111.64132 31.06129)""",远安县,"""53.3627""","""https://lib.ccmusic.edu.cn/data/musictype/MS20BCvu7QKGsMc5""",江汉丝弦,"""https://lib.ccmusic.edu.cn/data/musictype/3S5WgP5NPbQ25122""",鄂北花鼓戏,,
"""https://lib.ccmusic.edu.cn/data/place/420500""",宜昌市,"""https://lib.ccmusic.edu.cn/data/place/420525""","""POINT(111.64132 31.06129)""",远安县,"""53.3627""","""https://lib.ccmusic.edu.cn/data/musictype/Up2RoJaEg1g6u1Q6""",湖北弦索乐,"""https://lib.ccmusic.edu.cn/data/musictype/Ie4l9D4yzi5g799h""",远安花鼓戏,,
"""https://lib.ccmusic.edu.cn/data/place/420500""",宜昌市,"""https://lib.ccmusic.edu.cn/data/place/420525""","""POINT(111.64132 31.06129)""",远安县,"""53.3627""","""https://lib.ccmusic.edu.cn/data/musictype/eIyh98iWp77Uy6mW""",湖北牌子锣-丝竹锣鼓,"""https://lib.ccmusic.edu.cn/data/musictype/Ie4l9D4yzi5g799h""",远安花鼓戏,,
"""https://lib.ccmusic.edu.cn/data/place/420500""",宜昌市,"""https://lib.ccmusic.edu.cn/data/place/420525""","""POINT(111.64132 31.06129)""",远安县,"""53.3627""","""https://lib.ccmusic.edu.cn/data/musictype/xvPYExWWKPWLN6r9""",汉滩小曲,"""https://lib.ccmusic.edu.cn/data/musictype/3S5WgP5NPbQ25122""",鄂北花鼓戏,,
"""https://lib.ccmusic.edu.cn/data/place/420500""",宜昌市,"""https://lib.ccmusic.edu.cn/data/place/420525""","""POINT(111.64132 31.06129)""",远安县,"""53.3627""","""https://lib.ccmusic.edu.cn/data/musictype/2jcB25UV74N8KFeI""",宜昌细乐,"""https://lib.ccmusic.edu.cn/data/musictype/K52hXaVgcreKj8Zl""",沮水巫音,,
"""https://lib.ccmusic.edu.cn/data/place/420500""",宜昌市,"""https://lib.ccmusic.edu.cn/data/place/420525""","""POINT(111.64132 31.06129)""",远安县,"""53.3627""","""https://lib.ccmusic.edu.cn/data/musictype/3S5WgP5NPbQ25122""",鄂北花鼓戏,"""https://lib.ccmusic.edu.cn/data/musictype/K52hXaVgcreKj8Zl""",沮水巫音,,
"""https://lib.ccmusic.edu.cn/data/place/420500""",宜昌市,"""https://lib.ccmusic.edu.cn/data/place/420525""","""POINT(111.64132 31.06129)""",远安县,"""53.3627""","""https://lib.ccmusic.edu.cn/data/musictype/7eL6sv2QBP121zqu""",湖北小曲-南曲,"""https://lib.ccmusic.edu.cn/data/musictype/K52hXaVgcreKj8Zl""",沮水巫音,,
"""https://lib.ccmusic.edu.cn/data/place/420500""",宜昌市,"""https://lib.ccmusic.edu.cn/data/place/420525""","""POINT(111.64132 31.06129)""",远安县,"""53.3627""","""https://lib.ccmusic.edu.cn/data/musictype/7eL6sv2QBP121zqu""",湖北小曲-南曲,"""https://lib.ccmusic.edu.cn/data/musictype/3S5WgP5NPbQ25122""",鄂北花鼓戏,,
"""https://lib.ccmusic.edu.cn/data/place/420500""",宜昌市,"""https://lib.ccmusic.edu.cn/data/place/420525""","""POINT(111.64132 31.06129)""",远安县,"""53.3627""","""https://lib.ccmusic.edu.cn/data/musictype/7eL6sv2QBP121zqu""",湖北小曲-南曲,"""https://lib.ccmusic.edu.cn/data/musictype/Ie4l9D4yzi5g799h""",远安花鼓戏,,
"""https://lib.ccmusic.edu.cn/data/place/420500""",宜昌市,"""https://lib.ccmusic.edu.cn/data/place/420525""","""POINT(111.64132 31.06129)""",远安县,"""53.3627""","""https://lib.ccmusic.edu.cn/data/musictype/CQ4CA101Z06u908G""",湖北小曲,"""https://lib.ccmusic.edu.cn/data/musictype/3S5WgP5NPbQ25122""",鄂北花鼓戏,,
"""https://lib.ccmusic.edu.cn/data/place/420500""",宜昌市,"""https://lib.ccmusic.edu.cn/data/place/420525""","""POINT(111.64132 31.06129)""",远安县,"""53.3627""","""https://lib.ccmusic.edu.cn/data/musictype/MS20BCvu7QKGsMc5""",江汉丝弦,"""https://lib.ccmusic.edu.cn/data/musictype/K52hXaVgcreKj8Zl""",沮水巫音,,
"""https://lib.ccmusic.edu.cn/data/place/420500""",宜昌市,"""https://lib.ccmusic.edu.cn/data/place/420525""","""POINT(111.64132 31.06129)""",远安县,"""53.3627""","""https://lib.ccmusic.edu.cn/data/musictype/QE7O3BRP34v0yKJc""",宜都邦鼓,"""https://lib.ccmusic.edu.cn/data/musictype/3S5WgP5NPbQ25122""",鄂北花鼓戏,,
"""https://lib.ccmusic.edu.cn/data/place/420500""",宜昌市,"""https://lib.ccmusic.edu.cn/data/place/420525""","""POINT(111.64132 31.06129)""",远安县,"""53.3627""","""https://lib.ccmusic.edu.cn/data/musictype/QE7O3BRP34v0yKJc""",宜都邦鼓,"""https://lib.ccmusic.edu.cn/data/musictype/Ie4l9D4yzi5g799h""",远安花鼓戏,,
"""https://lib.ccmusic.edu.cn/data/place/420500""",宜昌市,"""https://lib.ccmusic.edu.cn/data/place/420525""","""POINT(111.64132 31.06129)""",远安县,"""53.3627""","""https://lib.ccmusic.edu.cn/data/musictype/Up2RoJaEg1g6u1Q6""",湖北弦索乐,"""https://lib.ccmusic.edu.cn/data/musictype/K52hXaVgcreKj8Zl""",沮水巫音,,
"""https://lib.ccmusic.edu.cn/data/place/420500""",宜昌市,"""https://lib.ccmusic.edu.cn/data/place/420525""","""POINT(111.64132 31.06129)""",远安县,"""53.3627""","""https://lib.ccmusic.edu.cn/data/musictype/a5syRj0OgxlKtL95""",建东花鼓戏,"""https://lib.ccmusic.edu.cn/data/musictype/Ie4l9D4yzi5g799h""",远安花鼓戏,,
"""https://lib.ccmusic.edu.cn/data/place/420500""",宜昌市,"""https://lib.ccmusic.edu.cn/data/place/420525""","""POINT(111.64132 31.06129)""",远安县,"""53.3627""","""https://lib.ccmusic.edu.cn/data/musictype/drN25s8Le9w4P26z""",鄂西堂调,"""https://lib.ccmusic.edu.cn/data/musictype/K52hXaVgcreKj8Zl""",沮水巫音,,
"""https://lib.ccmusic.edu.cn/data/place/420500""",宜昌市,"""https://lib.ccmusic.edu.cn/data/place/420525""","""POINT(111.64132 31.06129)""",远安县,"""53.3627""","""https://lib.ccmusic.edu.cn/data/musictype/drN25s8Le9w4P26z""",鄂西堂调,"""https://lib.ccmusic.edu.cn/data/musictype/Ie4l9D4yzi5g799h""",远安花鼓戏,,
"""https://lib.ccmusic.edu.cn/data/place/420500""",宜昌市,"""https://lib.ccmusic.edu.cn/data/place/420525""","""POINT(111.64132 31.06129)""",远安县,"""53.3627""","""https://lib.ccmusic.edu.cn/data/musictype/eB6xa4hE82SK0c92""",地花鼓,"""https://lib.ccmusic.edu.cn/data/musictype/Ie4l9D4yzi5g799h""",远安花鼓戏,,
"""https://lib.ccmusic.edu.cn/data/place/420500""",宜昌市,"""https://lib.ccmusic.edu.cn/data/place/420525""","""POINT(111.64132 31.06129)""",远安县,"""53.3627""","""https://lib.ccmusic.edu.cn/data/musictype/eIyh98iWp77Uy6mW""",湖北牌子锣-丝竹锣鼓,"""https://lib.ccmusic.edu.cn/data/musictype/K52hXaVgcreKj8Zl""",沮水巫音,,
"""https://lib.ccmusic.edu.cn/data/place/420500""",宜昌市,"""https://lib.ccmusic.edu.cn/data/place/420525""","""POINT(111.64132 31.06129)""",远安县,"""53.3627""","""https://lib.ccmusic.edu.cn/data/musictype/eIyh98iWp77Uy6mW""",湖北牌子锣-丝竹锣鼓,"""https://lib.ccmusic.edu.cn/data/musictype/3S5WgP5NPbQ25122""",鄂北花鼓戏,,
"""https://lib.ccmusic.edu.cn/data/place/420500""",宜昌市,"""https://lib.ccmusic.edu.cn/data/place/420525""","""POINT(111.64132 31.06129)""",远安县,"""53.3627""","""https://lib.ccmusic.edu.cn/data/musictype/l9zRMR2WSKI5zDe0""",湖北牌子锣,"""https://lib.ccmusic.edu.cn/data/musictype/3S5WgP5NPbQ25122""",鄂北花鼓戏,,
"""https://lib.ccmusic.edu.cn/data/place/420500""",宜昌市,"""https://lib.ccmusic.edu.cn/data/place/420525""","""POINT(111.64132 31.06129)""",远安县,"""53.3627""","""https://lib.ccmusic.edu.cn/data/musictype/l9zRMR2WSKI5zDe0""",湖北牌子锣,"""https://lib.ccmusic.edu.cn/data/musictype/Ie4l9D4yzi5g799h""",远安花鼓戏,,
"""https://lib.ccmusic.edu.cn/data/place/420500""",宜昌市,"""https://lib.ccmusic.edu.cn/data/place/420525""","""POINT(111.64132 31.06129)""",远安县,"""53.3627""","""https://lib.ccmusic.edu.cn/data/musictype/uS8wzByTv1JV2lVj""",长阳南曲,"""https://lib.ccmusic.edu.cn/data/musictype/K52hXaVgcreKj8Zl""",沮水巫音,,
"""https://lib.ccmusic.edu.cn/data/place/420500""",宜昌市,"""https://lib.ccmusic.edu.cn/data/place/420525""","""POINT(111.64132 31.06129)""",远安县,"""53.3627""","""https://lib.ccmusic.edu.cn/data/musictype/uS8wzByTv1JV2lVj""",长阳南曲,"""https://lib.ccmusic.edu.cn/data/musictype/3S5WgP5NPbQ25122""",鄂北花鼓戏,,
"""https://lib.ccmusic.edu.cn/data/place/420500""",宜昌市,"""https://lib.ccmusic.edu.cn/data/place/420525""","""POINT(111.64132 31.06129)""",远安县,"""53.3627""","""https://lib.ccmusic.edu.cn/data/musictype/xvPYExWWKPWLN6r9""",汉滩小曲,"""https://lib.ccmusic.edu.cn/data/musictype/K52hXaVgcreKj8Zl""",沮水巫音,,
"""https://lib.ccmusic.edu.cn/data/place/420500""",宜昌市,"""https://lib.ccmusic.edu.cn/data/place/420525""","""POINT(111.64132 31.06129)""",远安县,"""53.3627""","""https://lib.ccmusic.edu.cn/data/musictype/2jcB25UV74N8KFeI""",宜昌细乐,"""https://lib.ccmusic.edu.cn/data/musictype/3S5WgP5NPbQ25122""",鄂北花鼓戏,,
"""https://lib.ccmusic.edu.cn/data/place/420500""",宜昌市,"""https://lib.ccmusic.edu.cn/data/place/420525""","""POINT(111.64132 31.06129)""",远安县,"""53.3627""","""https://lib.ccmusic.edu.cn/data/musictype/2jcB25UV74N8KFeI""",宜昌细乐,"""https://lib.ccmusic.edu.cn/data/musictype/Ie4l9D4yzi5g799h""",远安花鼓戏,,
"""https://lib.ccmusic.edu.cn/data/place/420500""",宜昌市,"""https://lib.ccmusic.edu.cn/data/place/420525""","""POINT(111.64132 31.06129)""",远安县,"""53.3627""","""https://lib.ccmusic.edu.cn/data/musictype/CQ4CA101Z06u908G""",湖北小曲,"""https://lib.ccmusic.edu.cn/data/musictype/Ie4l9D4yzi5g799h""",远安花鼓戏,,
"""https://lib.ccmusic.edu.cn/data/place/420500""",宜昌市,"""https://lib.ccmusic.edu.cn/data/place/420525""","""POINT(111.64132 31.06129)""",远安县,"""53.3627""","""https://lib.ccmusic.edu.cn/data/musictype/Ie4l9D4yzi5g799h""",远安花鼓戏,"""https://lib.ccmusic.edu.cn/data/musictype/K52hXaVgcreKj8Zl""",沮水巫音,,
"""https://lib.ccmusic.edu.cn/data/place/420500""",宜昌市,"""https://lib.ccmusic.edu.cn/data/place/420525""","""POINT(111.64132 31.06129)""",远安县,"""53.3627""","""https://lib.ccmusic.edu.cn/data/musictype/Ie4l9D4yzi5g799h""",远安花鼓戏,"""https://lib.ccmusic.edu.cn/data/musictype/3S5WgP5NPbQ25122""",鄂北花鼓戏,,
"""https://lib.ccmusic.edu.cn/data/place/420500""",宜昌市,"""https://lib.ccmusic.edu.cn/data/place/420525""","""POINT(111.64132 31.06129)""",远安县,"""53.3627""","""https://lib.ccmusic.edu.cn/data/musictype/Ie4l9D4yzi5g799h""",远安花鼓戏,"""https://lib.ccmusic.edu.cn/data/musictype/Ie4l9D4yzi5g799h""",远安花鼓戏,,
"""https://lib.ccmusic.edu.cn/data/place/420500""",宜昌市,"""https://lib.ccmusic.edu.cn/data/place/420525""","""POINT(111.64132 31.06129)""",远安县,"""53.3627""","""https://lib.ccmusic.edu.cn/data/musictype/K52hXaVgcreKj8Zl""",沮水巫音,"""https://lib.ccmusic.edu.cn/data/musictype/Ie4l9D4yzi5g799h""",远安花鼓戏,,
"""https://lib.ccmusic.edu.cn/data/place/420500""",宜昌市,"""https://lib.ccmusic.edu.cn/data/place/420525""","""POINT(111.64132 31.06129)""",远安县,"""53.3627""","""https://lib.ccmusic.edu.cn/data/musictype/MS20BCvu7QKGsMc5""",江汉丝弦,"""https://lib.ccmusic.edu.cn/data/musictype/Ie4l9D4yzi5g799h""",远安花鼓戏,,
"""https://lib.ccmusic.edu.cn/data/place/420500""",宜昌市,"""https://lib.ccmusic.edu.cn/data/place/420525""","""POINT(111.64132 31.06129)""",远安县,"""53.3627""","""https://lib.ccmusic.edu.cn/data/musictype/QE7O3BRP34v0yKJc""",宜都邦鼓,"""https://lib.ccmusic.edu.cn/data/musictype/K52hXaVgcreKj8Zl""",沮水巫音,,
"""https://lib.ccmusic.edu.cn/data/place/420500""",宜昌市,"""https://lib.ccmusic.edu.cn/data/place/420525""","""POINT(111.64132 31.06129)""",远安县,"""53.3627""","""https://lib.ccmusic.edu.cn/data/musictype/Up2RoJaEg1g6u1Q6""",湖北弦索乐,"""https://lib.ccmusic.edu.cn/data/musictype/3S5WgP5NPbQ25122""",鄂北花鼓戏,,
"""https://lib.ccmusic.edu.cn/data/place/420500""",宜昌市,"""https://lib.ccmusic.edu.cn/data/place/420525""","""POINT(111.64132 31.06129)""",远安县,"""53.3627""","""https://lib.ccmusic.edu.cn/data/musictype/a5syRj0OgxlKtL95""",建东花鼓戏,"""https://lib.ccmusic.edu.cn/data/musictype/K52hXaVgcreKj8Zl""",沮水巫音,,
"""https://lib.ccmusic.edu.cn/data/place/420500""",宜昌市,"""https://lib.ccmusic.edu.cn/data/place/420525""","""POINT(111.64132 31.06129)""",远安县,"""53.3627""","""https://lib.ccmusic.edu.cn/data/musictype/a5syRj0OgxlKtL95""",建东花鼓戏,"""https://lib.ccmusic.edu.cn/data/musictype/3S5WgP5NPbQ25122""",鄂北花鼓戏,,
"""https://lib.ccmusic.edu.cn/data/place/420500""",宜昌市,"""https://lib.ccmusic.edu.cn/data/place/420525""","""POINT(111.64132 31.06129)""",远安县,"""53.3627""","""https://lib.ccmusic.edu.cn/data/musictype/drN25s8Le9w4P26z""",鄂西堂调,"""https://lib.ccmusic.edu.cn/data/musictype/3S5WgP5NPbQ25122""",鄂北花鼓戏,,
"""https://lib.ccmusic.edu.cn/data/place/420500""",宜昌市,"""https://lib.ccmusic.edu.cn/data/place/420525""","""POINT(111.64132 31.06129)""",远安县,"""53.3627""","""https://lib.ccmusic.edu.cn/data/musictype/eB6xa4hE82SK0c92""",地花鼓,"""https://lib.ccmusic.edu.cn/data/musictype/K52hXaVgcreKj8Zl""",沮水巫音,,
"""https://lib.ccmusic.edu.cn/data/place/420500""",宜昌市,"""https://lib.ccmusic.edu.cn/data/place/420525""","""POINT(111.64132 31.06129)""",远安县,"""53.3627""","""https://lib.ccmusic.edu.cn/data/musictype/eB6xa4hE82SK0c92""",地花鼓,"""https://lib.ccmusic.edu.cn/data/musictype/3S5WgP5NPbQ25122""",鄂北花鼓戏,,
"""https://lib.ccmusic.edu.cn/data/place/420500""",宜昌市,"""https://lib.ccmusic.edu.cn/data/place/420525""","""POINT(111.64132 31.06129)""",远安县,"""53.3627""","""https://lib.ccmusic.edu.cn/data/musictype/l9zRMR2WSKI5zDe0""",湖北牌子锣,"""https://lib.ccmusic.edu.cn/data/musictype/K52hXaVgcreKj8Zl""",沮水巫音,,
"""https://lib.ccmusic.edu.cn/data/place/420500""",宜昌市,"""https://lib.ccmusic.edu.cn/data/place/420525""","""POINT(111.64132 31.06129)""",远安县,"""53.3627""","""https://lib.ccmusic.edu.cn/data/musictype/uS8wzByTv1JV2lVj""",长阳南曲,"""https://lib.ccmusic.edu.cn/data/musictype/Ie4l9D4yzi5g799h""",远安花鼓戏,,
"""https://lib.ccmusic.edu.cn/data/place/420500""",宜昌市,"""https://lib.ccmusic.edu.cn/data/place/420525""","""POINT(111.64132 31.06129)""",远安县,"""53.3627""","""https://lib.ccmusic.edu.cn/data/musictype/xvPYExWWKPWLN6r9""",汉滩小曲,"""https://lib.ccmusic.edu.cn/data/musictype/Ie4l9D4yzi5g799h""",远安花鼓戏,,
"""https://lib.ccmusic.edu.cn/data/place/420600""",襄阳市,"""https://lib.ccmusic.edu.cn/data/place/420684""","""POINT(112.25776 31.71976)""",宜城市,"""74.409""","""https://lib.ccmusic.edu.cn/data/musictype/TUuiYjM8T3129r8H""",襄河道坠子,"""https://lib.ccmusic.edu.cn/data/musictype/G8YBwZ6lY3QK6C3f""",鄂北打调,"""https://lib.ccmusic.edu.cn/data/sdresource/629dO9T62jd5vw3Q""",
"""https://lib.ccmusic.edu.cn/data/place/420600""",襄阳市,"""https://lib.ccmusic.edu.cn/data/place/420684""","""POINT(112.25776 31.71976)""",宜城市,"""74.409""","""https://lib.ccmusic.edu.cn/data/musictype/TUuiYjM8T3129r8H""",襄河道坠子,"""https://lib.ccmusic.edu.cn/data/musictype/jE5M8DWNaW0GGF37""",鄂北打调-粗乐,"""https://lib.ccmusic.edu.cn/data/sdresource/629dO9T62jd5vw3Q""",
"""https://lib.ccmusic.edu.cn/data/place/420600""",襄阳市,"""https://lib.ccmusic.edu.cn/data/place/420684""","""POINT(112.25776 31.71976)""",宜城市,"""74.409""","""https://lib.ccmusic.edu.cn/data/musictype/TUuiYjM8T3129r8H""",襄河道坠子,"""https://lib.ccmusic.edu.cn/data/musictype/jE5M8DWNaW0GGF37""",鄂北打调-粗乐,"""https://lib.ccmusic.edu.cn/data/sdresource/90QT3psX2JMSX86w""",
"""https://lib.ccmusic.edu.cn/data/place/420600""",襄阳市,"""https://lib.ccmusic.edu.cn/data/place/420684""","""POINT(112.25776 31.71976)""",宜城市,"""74.409""","""https://lib.ccmusic.edu.cn/data/musictype/ArjpszR7xDIcQ6yJ""",襄阳小曲,"""https://lib.ccmusic.edu.cn/data/musictype/ivojjMUpkzYv43uv""",鄂北打调-细乐,,
"""https://lib.ccmusic.edu.cn/data/place/420600""",襄阳市,"""https://lib.ccmusic.edu.cn/data/place/420684""","""POINT(112.25776 31.71976)""",宜城市,"""74.409""","""https://lib.ccmusic.edu.cn/data/musictype/G8YBwZ6lY3QK6C3f""",鄂北打调,"""https://lib.ccmusic.edu.cn/data/musictype/G8YBwZ6lY3QK6C3f""",鄂北打调,,
"""https://lib.ccmusic.edu.cn/data/place/420600""",襄阳市,"""https://lib.ccmusic.edu.cn/data/place/420684""","""POINT(112.25776 31.71976)""",宜城市,"""74.409""","""https://lib.ccmusic.edu.cn/data/musictype/G8YBwZ6lY3QK6C3f""",鄂北打调,"""https://lib.ccmusic.edu.cn/data/musictype/jE5M8DWNaW0GGF37""",鄂北打调-粗乐,,
"""https://lib.ccmusic.edu.cn/data/place/420600""",襄阳市,"""https://lib.ccmusic.edu.cn/data/place/420684""","""POINT(112.25776 31.71976)""",宜城市,"""74.409""","""https://lib.ccmusic.edu.cn/data/musictype/Lie8zD916Q6955P6""",火炮(鄂北打调),"""https://lib.ccmusic.edu.cn/data/musictype/jE5M8DWNaW0GGF37""",鄂北打调-粗乐,,
"""https://lib.ccmusic.edu.cn/data/place/420600""",襄阳市,"""https://lib.ccmusic.edu.cn/data/place/420684""","""POINT(112.25776 31.71976)""",宜城市,"""74.409""","""https://lib.ccmusic.edu.cn/data/musictype/To3Z5FVbUjY4OCps""",老河口丝弦,"""https://lib.ccmusic.edu.cn/data/musictype/G8YBwZ6lY3QK6C3f""",鄂北打调,,
"""https://lib.ccmusic.edu.cn/data/place/420600""",襄阳市,"""https://lib.ccmusic.edu.cn/data/place/420684""","""POINT(112.25776 31.71976)""",宜城市,"""74.409""","""https://lib.ccmusic.edu.cn/data/musictype/YvU191ce9MoEf9Z7""",襄阳花鼓戏,"""https://lib.ccmusic.edu.cn/data/musictype/jE5M8DWNaW0GGF37""",鄂北打调-粗乐,,
"""https://lib.ccmusic.edu.cn/data/place/420600""",襄阳市,"""https://lib.ccmusic.edu.cn/data/place/420684""","""POINT(112.25776 31.71976)""",宜城市,"""74.409""","""https://lib.ccmusic.edu.cn/data/musictype/YvU191ce9MoEf9Z7""",襄阳花鼓戏,"""https://lib.ccmusic.edu.cn/data/musictype/ivojjMUpkzYv43uv""",鄂北打调-细乐,,
"""https://lib.ccmusic.edu.cn/data/place/420600""",襄阳市,"""https://lib.ccmusic.edu.cn/data/place/420684""","""POINT(112.25776 31.71976)""",宜城市,"""74.409""","""https://lib.ccmusic.edu.cn/data/musictype/bmj8Ek0BV7t32f6t""",鄂北打调-锣鼓架子,"""https://lib.ccmusic.edu.cn/data/musictype/jE5M8DWNaW0GGF37""",鄂北打调-粗乐,,
"""https://lib.ccmusic.edu.cn/data/place/420600""",襄阳市,"""https://lib.ccmusic.edu.cn/data/place/420684""","""POINT(112.25776 31.71976)""",宜城市,"""74.409""","""https://lib.ccmusic.edu.cn/data/musictype/bmj8Ek0BV7t32f6t""",鄂北打调-锣鼓架子,"""https://lib.ccmusic.edu.cn/data/musictype/ivojjMUpkzYv43uv""",鄂北打调-细乐,,
"""https://lib.ccmusic.edu.cn/data/place/420600""",襄阳市,"""https://lib.ccmusic.edu.cn/data/place/420684""","""POINT(112.25776 31.71976)""",宜城市,"""74.409""","""https://lib.ccmusic.edu.cn/data/musictype/ivojjMUpkzYv43uv""",鄂北打调-细乐,"""https://lib.ccmusic.edu.cn/data/musictype/jE5M8DWNaW0GGF37""",鄂北打调-粗乐,,
"""https://lib.ccmusic.edu.cn/data/place/420600""",襄阳市,"""https://lib.ccmusic.edu.cn/data/place/420684""","""POINT(112.25776 31.71976)""",宜城市,"""74.409""","""https://lib.ccmusic.edu.cn/data/musictype/ivojjMUpkzYv43uv""",鄂北打调-细乐,"""https://lib.ccmusic.edu.cn/data/musictype/ivojjMUpkzYv43uv""",鄂北打调-细乐,,
"""https://lib.ccmusic.edu.cn/data/place/420600""",襄阳市,"""https://lib.ccmusic.edu.cn/data/place/420684""","""POINT(112.25776 31.71976)""",宜城市,"""74.409""","""https://lib.ccmusic.edu.cn/data/musictype/jE5M8DWNaW0GGF37""",鄂北打调-粗乐,"""https://lib.ccmusic.edu.cn/data/musictype/G8YBwZ6lY3QK6C3f""",鄂北打调,,
"""https://lib.ccmusic.edu.cn/data/place/420600""",襄阳市,"""https://lib.ccmusic.edu.cn/data/place/420684""","""POINT(112.25776 31.71976)""",宜城市,"""74.409""","""https://lib.ccmusic.edu.cn/data/musictype/TUuiYjM8T3129r8H""",襄河道坠子,"""https://lib.ccmusic.edu.cn/data/musictype/ivojjMUpkzYv43uv""",鄂北打调-细乐,"""https://lib.ccmusic.edu.cn/data/sdresource/629dO9T62jd5vw3Q""",湖北襄河道坠子系列之三：“襄河道坠子”讲座（李大庆）
"""https://lib.ccmusic.edu.cn/data/place/420600""",襄阳市,"""https://lib.ccmusic.edu.cn/data/place/420684""","""POINT(112.25776 31.71976)""",宜城市,"""74.409""","""https://lib.ccmusic.edu.cn/data/musictype/TUuiYjM8T3129r8H""",襄河道坠子,"""https://lib.ccmusic.edu.cn/data/musictype/ivojjMUpkzYv43uv""",鄂北打调-细乐,"""https://lib.ccmusic.edu.cn/data/sdresource/90QT3psX2JMSX86w""",湖北襄河道坠子系列之二：“襄河道坠子”作为地域性的流派和形成（姚艺君）
"""https://lib.ccmusic.edu.cn/data/place/420600""",襄阳市,"""https://lib.ccmusic.edu.cn/data/place/420684""","""POINT(112.25776 31.71976)""",宜城市,"""74.409""","""https://lib.ccmusic.edu.cn/data/musictype/TUuiYjM8T3129r8H""",襄河道坠子,"""https://lib.ccmusic.edu.cn/data/musictype/G8YBwZ6lY3QK6C3f""",鄂北打调,"""https://lib.ccmusic.edu.cn/data/sdresource/006nnaM3imVngj4i""",湖北襄河道坠子系列之一：湖北“襄河道坠子”演出
"""https://lib.ccmusic.edu.cn/data/place/420600""",襄阳市,"""https://lib.ccmusic.edu.cn/data/place/420684""","""POINT(112.25776 31.71976)""",宜城市,"""74.409""","""https://lib.ccmusic.edu.cn/data/musictype/TUuiYjM8T3129r8H""",襄河道坠子,"""https://lib.ccmusic.edu.cn/data/musictype/G8YBwZ6lY3QK6C3f""",鄂北打调,"""https://lib.ccmusic.edu.cn/data/sdresource/90QT3psX2JMSX86w""",湖北襄河道坠子系列之二：“襄河道坠子”作为地域性的流派和形成（姚艺君）
"""https://lib.ccmusic.edu.cn/data/place/420600""",襄阳市,"""https://lib.ccmusic.edu.cn/data/place/420684""","""POINT(112.25776 31.71976)""",宜城市,"""74.409""","""https://lib.ccmusic.edu.cn/data/musictype/3S5WgP5NPbQ25122""",鄂北花鼓戏,"""https://lib.ccmusic.edu.cn/data/musictype/G8YBwZ6lY3QK6C3f""",鄂北打调,,
"""https://lib.ccmusic.edu.cn/data/place/420600""",襄阳市,"""https://lib.ccmusic.edu.cn/data/place/420684""","""POINT(112.25776 31.71976)""",宜城市,"""74.409""","""https://lib.ccmusic.edu.cn/data/musictype/ArjpszR7xDIcQ6yJ""",襄阳小曲,"""https://lib.ccmusic.edu.cn/data/musictype/jE5M8DWNaW0GGF37""",鄂北打调-粗乐,,
"""https://lib.ccmusic.edu.cn/data/place/420600""",襄阳市,"""https://lib.ccmusic.edu.cn/data/place/420684""","""POINT(112.25776 31.71976)""",宜城市,"""74.409""","""https://lib.ccmusic.edu.cn/data/musictype/Lie8zD916Q6955P6""",火炮(鄂北打调),"""https://lib.ccmusic.edu.cn/data/musictype/G8YBwZ6lY3QK6C3f""",鄂北打调,,
"""https://lib.ccmusic.edu.cn/data/place/420600""",襄阳市,"""https://lib.ccmusic.edu.cn/data/place/420684""","""POINT(112.25776 31.71976)""",宜城市,"""74.409""","""https://lib.ccmusic.edu.cn/data/musictype/Lie8zD916Q6955P6""",火炮(鄂北打调),"""https://lib.ccmusic.edu.cn/data/musictype/ivojjMUpkzYv43uv""",鄂北打调-细乐,,
"""https://lib.ccmusic.edu.cn/data/place/420600""",襄阳市,"""https://lib.ccmusic.edu.cn/data/place/420684""","""POINT(112.25776 31.71976)""",宜城市,"""74.409""","""https://lib.ccmusic.edu.cn/data/musictype/To3Z5FVbUjY4OCps""",老河口丝弦,"""https://lib.ccmusic.edu.cn/data/musictype/ivojjMUpkzYv43uv""",鄂北打调-细乐,,
"""https://lib.ccmusic.edu.cn/data/place/420600""",襄阳市,"""https://lib.ccmusic.edu.cn/data/place/420684""","""POINT(112.25776 31.71976)""",宜城市,"""74.409""","""https://lib.ccmusic.edu.cn/data/musictype/Up2RoJaEg1g6u1Q6""",湖北弦索乐,"""https://lib.ccmusic.edu.cn/data/musictype/jE5M8DWNaW0GGF37""",鄂北打调-粗乐,,
"""https://lib.ccmusic.edu.cn/data/place/420600""",襄阳市,"""https://lib.ccmusic.edu.cn/data/place/420684""","""POINT(112.25776 31.71976)""",宜城市,"""74.409""","""https://lib.ccmusic.edu.cn/data/musictype/Up2RoJaEg1g6u1Q6""",湖北弦索乐,"""https://lib.ccmusic.edu.cn/data/musictype/ivojjMUpkzYv43uv""",鄂北打调-细乐,,
"""https://lib.ccmusic.edu.cn/data/place/420600""",襄阳市,"""https://lib.ccmusic.edu.cn/data/place/420684""","""POINT(112.25776 31.71976)""",宜城市,"""74.409""","""https://lib.ccmusic.edu.cn/data/musictype/YvU191ce9MoEf9Z7""",襄阳花鼓戏,"""https://lib.ccmusic.edu.cn/data/musictype/G8YBwZ6lY3QK6C3f""",鄂北打调,,
"""https://lib.ccmusic.edu.cn/data/place/420600""",襄阳市,"""https://lib.ccmusic.edu.cn/data/place/420684""","""POINT(112.25776 31.71976)""",宜城市,"""74.409""","""https://lib.ccmusic.edu.cn/data/musictype/jE5M8DWNaW0GGF37""",鄂北打调-粗乐,"""https://lib.ccmusic.edu.cn/data/musictype/jE5M8DWNaW0GGF37""",鄂北打调-粗乐,,
"""https://lib.ccmusic.edu.cn/data/place/420600""",襄阳市,"""https://lib.ccmusic.edu.cn/data/place/420684""","""POINT(112.25776 31.71976)""",宜城市,"""74.409""","""https://lib.ccmusic.edu.cn/data/musictype/TUuiYjM8T3129r8H""",襄河道坠子,"""https://lib.ccmusic.edu.cn/data/musictype/ivojjMUpkzYv43uv""",鄂北打调-细乐,"""https://lib.ccmusic.edu.cn/data/sdresource/006nnaM3imVngj4i""",湖北襄河道坠子系列之一：湖北“襄河道坠子”演出
"""https://lib.ccmusic.edu.cn/data/place/420600""",襄阳市,"""https://lib.ccmusic.edu.cn/data/place/420684""","""POINT(112.25776 31.71976)""",宜城市,"""74.409""","""https://lib.ccmusic.edu.cn/data/musictype/TUuiYjM8T3129r8H""",襄河道坠子,"""https://lib.ccmusic.edu.cn/data/musictype/jE5M8DWNaW0GGF37""",鄂北打调-粗乐,"""https://lib.ccmusic.edu.cn/data/sdresource/006nnaM3imVngj4i""",湖北襄河道坠子系列之一：湖北“襄河道坠子”演出
"""https://lib.ccmusic.edu.cn/data/place/420600""",襄阳市,"""https://lib.ccmusic.edu.cn/data/place/420684""","""POINT(112.25776 31.71976)""",宜城市,"""74.409""","""https://lib.ccmusic.edu.cn/data/musictype/3S5WgP5NPbQ25122""",鄂北花鼓戏,"""https://lib.ccmusic.edu.cn/data/musictype/jE5M8DWNaW0GGF37""",鄂北打调-粗乐,,
"""https://lib.ccmusic.edu.cn/data/place/420600""",襄阳市,"""https://lib.ccmusic.edu.cn/data/place/420684""","""POINT(112.25776 31.71976)""",宜城市,"""74.409""","""https://lib.ccmusic.edu.cn/data/musictype/3S5WgP5NPbQ25122""",鄂北花鼓戏,"""https://lib.ccmusic.edu.cn/data/musictype/ivojjMUpkzYv43uv""",鄂北打调-细乐,,
"""https://lib.ccmusic.edu.cn/data/place/420600""",襄阳市,"""https://lib.ccmusic.edu.cn/data/place/420684""","""POINT(112.25776 31.71976)""",宜城市,"""74.409""","""https://lib.ccmusic.edu.cn/data/musictype/ArjpszR7xDIcQ6yJ""",襄阳小曲,"""https://lib.ccmusic.edu.cn/data/musictype/G8YBwZ6lY3QK6C3f""",鄂北打调,,
"""https://lib.ccmusic.edu.cn/data/place/420600""",襄阳市,"""https://lib.ccmusic.edu.cn/data/place/420684""","""POINT(112.25776 31.71976)""",宜城市,"""74.409""","""https://lib.ccmusic.edu.cn/data/musictype/G8YBwZ6lY3QK6C3f""",鄂北打调,"""https://lib.ccmusic.edu.cn/data/musictype/ivojjMUpkzYv43uv""",鄂北打调-细乐,,
"""https://lib.ccmusic.edu.cn/data/place/420600""",襄阳市,"""https://lib.ccmusic.edu.cn/data/place/420684""","""POINT(112.25776 31.71976)""",宜城市,"""74.409""","""https://lib.ccmusic.edu.cn/data/musictype/K52hXaVgcreKj8Zl""",沮水巫音,"""https://lib.ccmusic.edu.cn/data/musictype/G8YBwZ6lY3QK6C3f""",鄂北打调,,
"""https://lib.ccmusic.edu.cn/data/place/420600""",襄阳市,"""https://lib.ccmusic.edu.cn/data/place/420684""","""POINT(112.25776 31.71976)""",宜城市,"""74.409""","""https://lib.ccmusic.edu.cn/data/musictype/K52hXaVgcreKj8Zl""",沮水巫音,"""https://lib.ccmusic.edu.cn/data/musictype/jE5M8DWNaW0GGF37""",鄂北打调-粗乐,,
"""https://lib.ccmusic.edu.cn/data/place/420600""",襄阳市,"""https://lib.ccmusic.edu.cn/data/place/420684""","""POINT(112.25776 31.71976)""",宜城市,"""74.409""","""https://lib.ccmusic.edu.cn/data/musictype/K52hXaVgcreKj8Zl""",沮水巫音,"""https://lib.ccmusic.edu.cn/data/musictype/ivojjMUpkzYv43uv""",鄂北打调-细乐,,
"""https://lib.ccmusic.edu.cn/data/place/420600""",襄阳市,"""https://lib.ccmusic.edu.cn/data/place/420684""","""POINT(112.25776 31.71976)""",宜城市,"""74.409""","""https://lib.ccmusic.edu.cn/data/musictype/To3Z5FVbUjY4OCps""",老河口丝弦,"""https://lib.ccmusic.edu.cn/data/musictype/jE5M8DWNaW0GGF37""",鄂北打调-粗乐,,
"""https://lib.ccmusic.edu.cn/data/place/420600""",襄阳市,"""https://lib.ccmusic.edu.cn/data/place/420684""","""POINT(112.25776 31.71976)""",宜城市,"""74.409""","""https://lib.ccmusic.edu.cn/data/musictype/Up2RoJaEg1g6u1Q6""",湖北弦索乐,"""https://lib.ccmusic.edu.cn/data/musictype/G8YBwZ6lY3QK6C3f""",鄂北打调,,
"""https://lib.ccmusic.edu.cn/data/place/420600""",襄阳市,"""https://lib.ccmusic.edu.cn/data/place/420684""","""POINT(112.25776 31.71976)""",宜城市,"""74.409""","""https://lib.ccmusic.edu.cn/data/musictype/bmj8Ek0BV7t32f6t""",鄂北打调-锣鼓架子,"""https://lib.ccmusic.edu.cn/data/musictype/G8YBwZ6lY3QK6C3f""",鄂北打调,,
"""https://lib.ccmusic.edu.cn/data/place/420600""",襄阳市,"""https://lib.ccmusic.edu.cn/data/place/420684""","""POINT(112.25776 31.71976)""",宜城市,"""74.409""","""https://lib.ccmusic.edu.cn/data/musictype/ivojjMUpkzYv43uv""",鄂北打调-细乐,"""https://lib.ccmusic.edu.cn/data/musictype/G8YBwZ6lY3QK6C3f""",鄂北打调,,
"""https://lib.ccmusic.edu.cn/data/place/420600""",襄阳市,"""https://lib.ccmusic.edu.cn/data/place/420684""","""POINT(112.25776 31.71976)""",宜城市,"""74.409""","""https://lib.ccmusic.edu.cn/data/musictype/jE5M8DWNaW0GGF37""",鄂北打调-粗乐,"""https://lib.ccmusic.edu.cn/data/musictype/ivojjMUpkzYv43uv""",鄂北打调-细乐,,
